,QuestionId,response_num,correct_rate,img
944,944.0,189.0,0.14285714285714285,65.14262390136719
931,931.0,1702.0,0.16039952996474735,64.71399688720703
155,155.0,1675.0,0.1647761194029851,65.21940612792969
425,425.0,78.0,0.1794871794871795,65.58879852294922
718,718.0,658.0,0.1838905775075988,65.47278594970703
784,784.0,456.0,0.18421052631578946,64.44424438476562
5,5.0,833.0,0.1908763505402161,63.87999725341797
500,500.0,2585.0,0.19961315280464217,65.07734680175781
818,818.0,1155.0,0.21645021645021645,65.88339233398438
251,251.0,1723.0,0.2211259431224608,65.14215087890625
598,598.0,189.0,0.2222222222222222,65.44100952148438
104,104.0,89.0,0.2247191011235955,65.34644317626953
245,245.0,456.0,0.22587719298245615,63.551856994628906
146,146.0,1426.0,0.226507713884993,65.48847961425781
93,93.0,2290.0,0.2279475982532751,65.17254638671875
752,752.0,104.0,0.23076923076923078,65.09759521484375
61,61.0,78.0,0.23076923076923078,65.0922622680664
857,857.0,189.0,0.23809523809523808,65.12821960449219
575,575.0,859.0,0.239813736903376,65.43836975097656
208,208.0,78.0,0.24358974358974358,65.20922088623047
661,661.0,1674.0,0.24492234169653523,65.43633270263672
541,541.0,655.0,0.24580152671755726,63.597320556640625
586,586.0,1698.0,0.24676089517078917,65.57872772216797
925,925.0,166.0,0.2469879518072289,64.7386474609375
418,418.0,89.0,0.24719101123595505,65.65597534179688
580,580.0,137.0,0.24817518248175183,65.74076080322266
528,528.0,2887.0,0.24870107377900935,65.34732055664062
879,879.0,1590.0,0.24968553459119497,65.39453125
729,729.0,2122.0,0.24976437323279924,65.38998413085938
33,33.0,4.0,0.25,65.18043518066406
757,757.0,4.0,0.25,65.16456604003906
442,442.0,80.0,0.25,65.06434631347656
603,603.0,4.0,0.25,65.1004867553711
180,180.0,80.0,0.25,65.00404357910156
846,846.0,1592.0,0.25251256281407036,65.17121124267578
126,126.0,83.0,0.25301204819277107,65.23648071289062
94,94.0,1318.0,0.2549317147192716,65.59979248046875
481,481.0,78.0,0.2564102564102564,65.07322692871094
439,439.0,2347.0,0.25990626331487005,65.24209594726562
182,182.0,2245.0,0.26057906458797325,65.27922058105469
169,169.0,2302.0,0.2619461337966985,65.59586334228516
46,46.0,2554.0,0.2638997650743931,65.38847351074219
743,743.0,174.0,0.26436781609195403,65.53240203857422
276,276.0,2575.0,0.26485436893203884,65.11702728271484
338,338.0,2163.0,0.26537216828478966,65.16358947753906
339,339.0,586.0,0.26621160409556316,65.1465072631836
307,307.0,2153.0,0.2675336739433349,63.23302459716797
223,223.0,100.0,0.27,65.16465759277344
605,605.0,2581.0,0.2712127082526153,65.08660888671875
856,856.0,2900.0,0.2717241379310345,65.45753479003906
308,308.0,688.0,0.27180232558139533,65.4702377319336
142,142.0,2457.0,0.2718762718762719,65.50201416015625
110,110.0,1155.0,0.2727272727272727,65.79525756835938
599,599.0,2874.0,0.27279053583855256,65.0735855102539
282,282.0,2555.0,0.27436399217221136,65.39024353027344
192,192.0,80.0,0.275,65.61125183105469
329,329.0,166.0,0.27710843373493976,65.34342193603516
726,726.0,317.0,0.277602523659306,64.74649047851562
734,734.0,1469.0,0.27978216473791695,65.29246520996094
179,179.0,78.0,0.28205128205128205,65.1349868774414
843,843.0,78.0,0.28205128205128205,65.10594940185547
128,128.0,78.0,0.28205128205128205,65.03169250488281
301,301.0,836.0,0.2822966507177033,64.01148986816406
68,68.0,85.0,0.2823529411764706,65.42083740234375
218,218.0,1607.0,0.28251400124455506,65.47647857666016
382,382.0,137.0,0.2846715328467153,65.07482147216797
87,87.0,1548.0,0.28617571059431524,64.55940246582031
762,762.0,1884.0,0.28662420382165604,65.66315460205078
663,663.0,167.0,0.2874251497005988,65.05058288574219
426,426.0,80.0,0.2875,65.34972381591797
792,792.0,1626.0,0.2878228782287823,65.59275817871094
241,241.0,2118.0,0.28942398489140697,65.18914794921875
936,936.0,89.0,0.29213483146067415,65.5317153930664
303,303.0,89.0,0.29213483146067415,65.36236572265625
273,273.0,861.0,0.2926829268292683,65.23019409179688
698,698.0,68.0,0.29411764705882354,64.84815216064453
777,777.0,622.0,0.2942122186495177,65.40080261230469
611,611.0,2280.0,0.2942982456140351,65.1480484008789
495,495.0,2360.0,0.29533898305084744,65.11898803710938
709,709.0,2135.0,0.297423887587822,65.44670104980469
865,865.0,585.0,0.29743589743589743,65.58406066894531
538,538.0,104.0,0.2980769230769231,65.13300323486328
351,351.0,1701.0,0.2986478542034098,65.46524047851562
70,70.0,873.0,0.29896907216494845,65.19627380371094
175,175.0,10.0,0.3,65.00382995605469
230,230.0,1500.0,0.3,65.14746856689453
117,117.0,10.0,0.3,65.16300201416016
455,455.0,556.0,0.30035971223021585,65.51042938232422
711,711.0,1593.0,0.30069052102950405,65.16737365722656
172,172.0,616.0,0.30194805194805197,62.70808029174805
316,316.0,672.0,0.3020833333333333,65.32720184326172
560,560.0,1693.0,0.303603071470762,65.06707000732422
684,684.0,1567.0,0.3044033184428845,65.23188018798828
537,537.0,836.0,0.3050239234449761,64.58621978759766
883,883.0,167.0,0.30538922155688625,65.05525207519531
771,771.0,72.0,0.3055555555555556,65.05548858642578
824,824.0,2161.0,0.3058769088385007,65.39494323730469
588,588.0,1745.0,0.3060171919770774,65.11790466308594
543,543.0,849.0,0.30624263839811544,65.30603790283203
878,878.0,1422.0,0.3066104078762307,65.36166381835938
258,258.0,459.0,0.30718954248366015,65.65148162841797
244,244.0,13.0,0.3076923076923077,65.31434631347656
699,699.0,78.0,0.3076923076923077,65.3406982421875
63,63.0,1178.0,0.3089983022071307,65.9720458984375
246,246.0,1265.0,0.3090909090909091,64.35183715820312
352,352.0,139.0,0.30935251798561153,65.29948425292969
904,904.0,2199.0,0.3101409731696226,65.04644012451172
430,430.0,621.0,0.3107890499194847,64.67808532714844
641,641.0,1575.0,0.31238095238095237,65.29025268554688
886,886.0,73.0,0.3150684931506849,65.03164672851562
619,619.0,167.0,0.31736526946107785,65.04139709472656
365,365.0,2208.0,0.317481884057971,65.54960632324219
18,18.0,2173.0,0.3175333640128854,65.25186920166016
493,493.0,2231.0,0.3177947108919767,65.12064361572266
181,181.0,574.0,0.31881533101045295,65.23062896728516
523,523.0,1761.0,0.3202725724020443,64.97420501708984
268,268.0,565.0,0.32035398230088497,65.4762191772461
822,822.0,852.0,0.3204225352112676,65.489990234375
775,775.0,80.0,0.325,65.03863525390625
702,702.0,166.0,0.3253012048192771,65.83106994628906
44,44.0,2169.0,0.3259566620562471,65.35559844970703
618,618.0,322.0,0.32608695652173914,64.9860610961914
875,875.0,1671.0,0.3267504488330341,65.22579193115234
149,149.0,104.0,0.3269230769230769,65.9212417602539
237,237.0,1885.0,0.3273209549071618,65.50202941894531
647,647.0,467.0,0.32762312633832974,65.21149444580078
613,613.0,192.0,0.328125,65.46231842041016
851,851.0,85.0,0.32941176470588235,65.41122436523438
793,793.0,170.0,0.32941176470588235,65.03618621826172
694,694.0,85.0,0.32941176470588235,65.14793395996094
161,161.0,2547.0,0.331370239497448,65.01292419433594
470,470.0,570.0,0.33157894736842103,65.19047546386719
387,387.0,554.0,0.33212996389891697,65.51737976074219
428,428.0,6.0,0.3333333333333333,65.14883422851562
286,286.0,570.0,0.3333333333333333,65.3277816772461
842,842.0,72.0,0.3333333333333333,65.05824279785156
139,139.0,6.0,0.3333333333333333,65.09141540527344
708,708.0,84.0,0.3333333333333333,65.44453430175781
703,703.0,78.0,0.3333333333333333,65.10514831542969
108,108.0,6.0,0.3333333333333333,65.27317810058594
623,623.0,2578.0,0.3343677269200931,65.12016296386719
41,41.0,628.0,0.3343949044585987,64.93973541259766
797,797.0,113.0,0.336283185840708,65.3465347290039
79,79.0,1732.0,0.3371824480369515,65.0777359008789
269,269.0,68.0,0.3382352941176471,65.82439422607422
77,77.0,579.0,0.3385146804835924,65.20405578613281
628,628.0,2175.0,0.3388505747126437,65.22543334960938
358,358.0,846.0,0.3404255319148936,65.48020935058594
531,531.0,138.0,0.34057971014492755,64.28268432617188
670,670.0,2825.0,0.34123893805309735,65.35626220703125
882,882.0,2303.0,0.3421623968736431,65.26092529296875
324,324.0,590.0,0.3423728813559322,65.63925170898438
225,225.0,90.0,0.34444444444444444,65.19486999511719
191,191.0,869.0,0.34522439585730724,65.45314025878906
774,774.0,81.0,0.345679012345679,65.25492858886719
166,166.0,104.0,0.34615384615384615,65.54057312011719
112,112.0,104.0,0.34615384615384615,65.29951477050781
437,437.0,1164.0,0.3470790378006873,65.94017791748047
197,197.0,2166.0,0.3476454293628809,65.29793548583984
130,130.0,1583.0,0.34807327858496523,65.34271240234375
7,7.0,89.0,0.34831460674157305,65.63114929199219
152,152.0,1491.0,0.3487592219986586,65.22886657714844
801,801.0,1037.0,0.3490838958534233,64.90130615234375
40,40.0,2599.0,0.3501346671796845,65.09243774414062
395,395.0,191.0,0.3507853403141361,65.38150787353516
556,556.0,108.0,0.35185185185185186,65.06136322021484
419,419.0,68.0,0.35294117647058826,65.34178924560547
913,913.0,1711.0,0.35359438924605496,65.63743591308594
388,388.0,582.0,0.3539518900343643,65.24832916259766
206,206.0,2200.0,0.3559090909090909,62.91191864013672
173,173.0,137.0,0.35766423357664234,65.28897094726562
322,322.0,78.0,0.358974358974359,65.02068328857422
932,932.0,2384.0,0.35906040268456374,64.94305419921875
121,121.0,167.0,0.3592814371257485,65.06686401367188
189,189.0,178.0,0.3595505617977528,65.6117935180664
624,624.0,2291.0,0.35966826713225664,65.296142578125
800,800.0,2221.0,0.360198108959928,65.03976440429688
240,240.0,111.0,0.36036036036036034,65.07125854492188
42,42.0,166.0,0.3614457831325301,65.19622802734375
356,356.0,174.0,0.3620689655172414,65.64476013183594
9,9.0,834.0,0.36330935251798563,64.90044403076172
680,680.0,11.0,0.36363636363636365,65.18156433105469
423,423.0,2300.0,0.36478260869565216,65.25860595703125
559,559.0,2307.0,0.36540962288686607,65.44048309326172
120,120.0,2143.0,0.36584227718152124,65.1424560546875
136,136.0,71.0,0.36619718309859156,65.62554168701172
291,291.0,1526.0,0.36631716906946266,64.94918823242188
229,229.0,583.0,0.3670668953687822,62.26549530029297
67,67.0,367.0,0.3678474114441417,65.19314575195312
789,789.0,2403.0,0.36787349146899706,65.18775177001953
159,159.0,2136.0,0.3684456928838951,64.22956848144531
310,310.0,2183.0,0.36875858909757214,65.44915771484375
424,424.0,1711.0,0.36937463471654003,65.3836898803711
212,212.0,2352.0,0.36947278911564624,65.22491455078125
759,759.0,138.0,0.3695652173913043,65.26092529296875
849,849.0,2189.0,0.3700319780721791,65.19137573242188
888,888.0,89.0,0.3707865168539326,65.30657958984375
769,769.0,2567.0,0.3708609271523179,65.37275695800781
542,542.0,579.0,0.37132987910189985,64.89604949951172
107,107.0,78.0,0.3717948717948718,65.30618286132812
873,873.0,2650.0,0.3732075471698113,59.537437438964844
186,186.0,2318.0,0.37359792924935287,65.05172729492188
504,504.0,115.0,0.3739130434782609,65.09569549560547
242,242.0,2565.0,0.3742690058479532,65.43963623046875
719,719.0,104.0,0.375,65.11286926269531
471,471.0,168.0,0.375,65.1634521484375
210,210.0,2460.0,0.3752032520325203,63.30427551269531
390,390.0,554.0,0.37545126353790614,65.5708236694336
674,674.0,2107.0,0.375889890840057,64.95094299316406
262,262.0,1707.0,0.37785588752196836,65.44843292236328
483,483.0,1473.0,0.3781398506449423,65.7796401977539
820,820.0,1707.0,0.37902753368482717,64.76332092285156
174,174.0,1018.0,0.3791748526522593,65.26375579833984
434,434.0,1693.0,0.37920850561134084,63.65587615966797
148,148.0,2459.0,0.3794225294835299,64.22862243652344
929,929.0,166.0,0.3795180722891566,65.6649398803711
876,876.0,79.0,0.379746835443038,65.05955505371094
486,486.0,2180.0,0.3798165137614679,64.98316955566406
906,906.0,1001.0,0.3806193806193806,64.96156311035156
124,124.0,1260.0,0.38095238095238093,65.28141021728516
48,48.0,851.0,0.381903642773208,65.23567199707031
589,589.0,2141.0,0.3829985987856142,63.307350158691406
226,226.0,2105.0,0.3833729216152019,64.99529266357422
95,95.0,1311.0,0.38443935926773454,65.1906509399414
57,57.0,104.0,0.38461538461538464,65.06803131103516
400,400.0,104.0,0.38461538461538464,65.03633117675781
456,456.0,1888.0,0.3850635593220339,65.7662353515625
2,2.0,2313.0,0.3852140077821012,65.1826171875
32,32.0,70.0,0.38571428571428573,65.14598083496094
869,869.0,617.0,0.3857374392220421,64.63094329833984
385,385.0,1501.0,0.38574283810792803,65.10556030273438
903,903.0,1633.0,0.385793018983466,65.16180419921875
640,640.0,2345.0,0.3859275053304904,64.94792938232422
84,84.0,2627.0,0.38599162542824517,65.86298370361328
918,918.0,189.0,0.3862433862433862,65.44442749023438
467,467.0,1433.0,0.3866015352407537,65.25121307373047
215,215.0,830.0,0.38674698795180723,64.21293640136719
632,632.0,137.0,0.38686131386861317,65.1004638671875
271,271.0,911.0,0.38748627881448955,65.65937805175781
132,132.0,851.0,0.38777908343125733,65.44561767578125
279,279.0,2160.0,0.38796296296296295,65.47368621826172
162,162.0,1572.0,0.3880407124681934,64.54904174804688
725,725.0,1002.0,0.38922155688622756,65.29003143310547
364,364.0,1604.0,0.38965087281795513,65.40030670166016
915,915.0,318.0,0.389937106918239,65.20110321044922
487,487.0,1333.0,0.3900975243810953,65.47855377197266
8,8.0,2327.0,0.3919209282337774,65.68818664550781
746,746.0,655.0,0.39236641221374047,64.3051986694336
342,342.0,2823.0,0.3928444916755225,65.22999572753906
228,228.0,588.0,0.39285714285714285,65.23793029785156
280,280.0,1246.0,0.39325842696629215,65.87255859375
379,379.0,2535.0,0.3932938856015779,65.1112060546875
667,667.0,1622.0,0.39395807644882863,65.25519561767578
780,780.0,317.0,0.3943217665615142,64.88008880615234
498,498.0,1894.0,0.39440337909186907,65.23968505859375
362,362.0,1691.0,0.39503252513305737,65.56753540039062
96,96.0,81.0,0.3950617283950617,65.1476058959961
371,371.0,2545.0,0.39528487229862475,62.443702697753906
334,334.0,583.0,0.39622641509433965,65.11343383789062
384,384.0,1908.0,0.39622641509433965,65.29557037353516
416,416.0,2460.0,0.39634146341463417,63.309906005859375
188,188.0,189.0,0.3968253968253968,65.5300064086914
572,572.0,1512.0,0.3968253968253968,65.02039337158203
71,71.0,2549.0,0.39780306002353866,65.02549743652344
745,745.0,2602.0,0.398923904688701,65.1065673828125
12,12.0,1701.0,0.3991769547325103,65.44676208496094
854,854.0,75.0,0.4,65.06443786621094
821,821.0,85.0,0.4,65.29196166992188
548,548.0,10.0,0.4,65.33164978027344
905,905.0,5.0,0.4,65.16241455078125
201,201.0,2128.0,0.40037593984962405,64.94786834716797
158,158.0,2208.0,0.4008152173913043,65.0028076171875
4,4.0,1704.0,0.4014084507042254,65.2471923828125
10,10.0,1572.0,0.4020356234096692,64.73220825195312
217,217.0,2139.0,0.40392706872370265,63.30634307861328
891,891.0,1629.0,0.4039287906691222,64.89265441894531
378,378.0,656.0,0.40396341463414637,63.11069869995117
302,302.0,1002.0,0.4041916167664671,64.57281494140625
761,761.0,2882.0,0.40458015267175573,65.19795989990234
60,60.0,192.0,0.40625,65.31735229492188
524,524.0,86.0,0.4069767441860465,65.26118469238281
140,140.0,167.0,0.40718562874251496,64.85374450683594
36,36.0,827.0,0.407496977025393,65.0022964477539
766,766.0,1701.0,0.4079952968841858,64.99440002441406
399,399.0,174.0,0.40804597701149425,65.37895965576172
827,827.0,463.0,0.408207343412527,65.32603454589844
361,361.0,2303.0,0.4085974815458098,65.24085235595703
21,21.0,137.0,0.40875912408759124,65.18257141113281
799,799.0,110.0,0.4090909090909091,63.97484588623047
52,52.0,2393.0,0.411199331383201,65.29261016845703
748,748.0,1904.0,0.4112394957983193,65.53174591064453
296,296.0,68.0,0.4117647058823529,65.1934585571289
919,919.0,660.0,0.4121212121212121,65.3130874633789
327,327.0,2244.0,0.41221033868092694,64.573486328125
874,874.0,579.0,0.41278065630397237,63.127357482910156
380,380.0,1471.0,0.41332426920462273,65.67759704589844
701,701.0,1255.0,0.4159362549800797,64.69486236572266
536,536.0,1599.0,0.4165103189493433,65.26470947265625
677,677.0,1805.0,0.4166204986149584,65.17462158203125
534,534.0,1176.0,0.4166666666666667,65.71279907226562
397,397.0,12.0,0.4166666666666667,65.06304931640625
325,325.0,2548.0,0.4171899529042386,65.02122497558594
545,545.0,2308.0,0.4172443674176776,65.14459991455078
895,895.0,167.0,0.41916167664670656,62.05035400390625
550,550.0,1297.0,0.41942945258288356,64.94843292236328
671,671.0,112.0,0.41964285714285715,65.13519287109375
167,167.0,1601.0,0.42098688319800126,65.24545288085938
535,535.0,1710.0,0.42105263157894735,65.52349853515625
234,234.0,2617.0,0.4214749713412304,65.07650756835938
945,945.0,2337.0,0.42233632862644416,65.26705169677734
115,115.0,104.0,0.4230769230769231,65.01815032958984
58,58.0,78.0,0.4230769230769231,65.09947204589844
620,620.0,846.0,0.4231678486997636,65.32693481445312
54,54.0,2165.0,0.4235565819861432,65.46431732177734
415,415.0,861.0,0.42392566782810687,64.80561065673828
491,491.0,1499.0,0.4242828552368246,65.16175842285156
235,235.0,1902.0,0.4242902208201893,65.23816680908203
893,893.0,80.0,0.425,65.02102661132812
833,833.0,2604.0,0.4251152073732719,65.63211059570312
826,826.0,2271.0,0.42536327608982827,65.58943176269531
693,693.0,115.0,0.4260869565217391,65.1204833984375
45,45.0,2644.0,0.4266263237518911,65.0831298828125
476,476.0,852.0,0.4272300469483568,64.51216888427734
445,445.0,2454.0,0.42746536267318663,65.0472412109375
783,783.0,203.0,0.42857142857142855,65.15347290039062
720,720.0,588.0,0.42857142857142855,64.78626251220703
214,214.0,2895.0,0.4286701208981002,65.28446960449219
204,204.0,1908.0,0.42872117400419285,65.14611053466797
573,573.0,634.0,0.42902208201892744,64.29054260253906
17,17.0,848.0,0.42924528301886794,65.13644409179688
627,627.0,2236.0,0.4293381037567084,65.22159576416016
839,839.0,321.0,0.42990654205607476,65.03817749023438
336,336.0,172.0,0.43023255813953487,64.47311401367188
732,732.0,2345.0,0.4302771855010661,65.04463195800781
275,275.0,1021.0,0.4309500489715965,65.38818359375
127,127.0,109.0,0.43119266055045874,65.0276107788086
454,454.0,190.0,0.43157894736842106,65.39938354492188
902,902.0,1257.0,0.4327764518695306,64.9599609375
749,749.0,2674.0,0.4330590875093493,65.08900451660156
85,85.0,1615.0,0.4340557275541796,65.25706481933594
870,870.0,1704.0,0.43427230046948356,65.16800689697266
55,55.0,1487.0,0.4344317417619368,65.0967025756836
335,335.0,2491.0,0.4355680449618627,65.07423400878906
266,266.0,112.0,0.4375,65.07695770263672
892,892.0,80.0,0.4375,63.093544006347656
101,101.0,2587.0,0.4375724777734828,65.82572174072266
587,587.0,2611.0,0.437763309076982,65.23104858398438
354,354.0,1008.0,0.4384920634920635,65.08049011230469
479,479.0,180.0,0.4388888888888889,65.39995574951172
263,263.0,2551.0,0.4390435123480988,65.02783203125
265,265.0,2604.0,0.4400921658986175,64.89552307128906
267,267.0,1891.0,0.44103648863035433,65.39197540283203
678,678.0,2621.0,0.44105303319343764,65.54658508300781
391,391.0,2797.0,0.44333214158026457,65.46865844726562
0,0.0,2812.0,0.44345661450924606,65.25019836425781
123,123.0,2144.0,0.4435634328358209,65.59341430664062
474,474.0,1713.0,0.44424985405720957,65.01776123046875
518,518.0,9.0,0.4444444444444444,64.00885009765625
313,313.0,9.0,0.4444444444444444,65.15107727050781
897,897.0,9.0,0.4444444444444444,64.06747436523438
868,868.0,2510.0,0.4454183266932271,65.20245361328125
515,515.0,664.0,0.4457831325301205,65.2854232788086
755,755.0,2178.0,0.445821854912764,65.22421264648438
555,555.0,1713.0,0.44658493870402804,65.47565460205078
664,664.0,2621.0,0.4467760396795116,64.87606811523438
102,102.0,179.0,0.44692737430167595,65.39632415771484
326,326.0,2125.0,0.4470588235294118,65.16836547851562
135,135.0,1250.0,0.4472,65.32518768310547
838,838.0,2155.0,0.44733178654292344,65.28538513183594
565,565.0,1591.0,0.44751728472658703,65.48899841308594
404,404.0,1265.0,0.4482213438735178,65.1627197265625
62,62.0,869.0,0.4487917146144994,65.09454345703125
23,23.0,579.0,0.44905008635578586,64.11490631103516
443,443.0,167.0,0.4491017964071856,65.05108642578125
109,109.0,111.0,0.45045045045045046,63.97053527832031
27,27.0,2329.0,0.45169600686990125,65.02888488769531
205,205.0,425.0,0.45176470588235296,65.20641326904297
609,609.0,1595.0,0.4526645768025078,65.36675262451172
49,49.0,2607.0,0.45301112389719983,65.77204895019531
119,119.0,2465.0,0.45314401622718053,65.13243865966797
141,141.0,86.0,0.45348837209302323,65.33686828613281
669,669.0,2192.0,0.4543795620437956,65.43563079833984
113,113.0,11.0,0.45454545454545453,65.07193756103516
562,562.0,110.0,0.45454545454545453,65.32388305664062
602,602.0,167.0,0.4550898203592814,65.14954376220703
39,39.0,2607.0,0.45607978519370923,64.89165496826172
917,917.0,570.0,0.45614035087719296,65.1902847290039
595,595.0,554.0,0.4566787003610108,65.472412109375
270,270.0,70.0,0.45714285714285713,64.82357788085938
219,219.0,2211.0,0.45816372682044326,65.27276611328125
11,11.0,2171.0,0.45831414094887146,65.2604751586914
942,942.0,109.0,0.45871559633027525,65.03107452392578
194,194.0,1324.0,0.459214501510574,65.42412567138672
862,862.0,2820.0,0.4592198581560284,65.03399658203125
946,946.0,111.0,0.4594594594594595,64.05448913574219
353,353.0,891.0,0.4601571268237935,65.20502471923828
131,131.0,113.0,0.46017699115044247,65.33821105957031
253,253.0,113.0,0.46017699115044247,65.34471130371094
183,183.0,2596.0,0.46070878274268107,65.62091064453125
341,341.0,1606.0,0.46077210460772106,65.19073486328125
552,552.0,1009.0,0.4618434093161546,65.34043884277344
446,446.0,2667.0,0.46194225721784776,65.503173828125
402,402.0,2305.0,0.462472885032538,65.23231506347656
261,261.0,2149.0,0.46254071661237783,65.19073486328125
604,604.0,1155.0,0.46320346320346323,65.888671875
99,99.0,136.0,0.4632352941176471,65.11532592773438
450,450.0,136.0,0.4632352941176471,65.03153991699219
407,407.0,110.0,0.4636363636363636,65.01141357421875
569,569.0,458.0,0.4650655021834061,63.55166244506836
98,98.0,174.0,0.46551724137931033,65.10269165039062
583,583.0,2619.0,0.4658266513936617,65.13412475585938
887,887.0,2641.0,0.46611132146914047,65.2803955078125
860,860.0,15.0,0.4666666666666667,65.45942687988281
558,558.0,90.0,0.4666666666666667,65.43999481201172
297,297.0,2458.0,0.467046379170057,65.78287506103516
91,91.0,2857.0,0.4672733636681834,65.06671142578125
858,858.0,2448.0,0.4681372549019608,65.4802474975586
617,617.0,2197.0,0.46836595357305416,64.93486022949219
203,203.0,855.0,0.47134502923976607,64.00701141357422
724,724.0,70.0,0.4714285714285714,65.04815673828125
489,489.0,1156.0,0.47145328719723184,65.61152648925781
494,494.0,2789.0,0.4736464682681965,64.81697082519531
53,53.0,2332.0,0.47384219554030876,65.53857421875
648,648.0,78.0,0.47435897435897434,65.11930847167969
806,806.0,2104.0,0.47480988593155893,64.95523834228516
662,662.0,1431.0,0.4751921733053808,65.37857055664062
600,600.0,1699.0,0.4755738669805768,65.26185607910156
554,554.0,2260.0,0.4756637168141593,65.21603393554688
484,484.0,2881.0,0.4762235334953141,65.30255889892578
631,631.0,623.0,0.4767255216693419,64.761962890625
448,448.0,2622.0,0.4774980930587338,65.14752197265625
355,355.0,494.0,0.4777327935222672,65.279052734375
633,633.0,180.0,0.4777777777777778,65.34620666503906
145,145.0,2241.0,0.4779116465863454,65.38658142089844
526,526.0,1917.0,0.47835159102764735,65.36227416992188
496,496.0,2148.0,0.4790502793296089,62.45726776123047
177,177.0,2545.0,0.4793713163064833,65.09992980957031
129,129.0,2258.0,0.4796279893711249,65.34846496582031
785,785.0,2335.0,0.48008565310492507,65.88884735107422
834,834.0,2364.0,0.4805414551607445,65.1385498046875
114,114.0,104.0,0.4807692307692308,65.06680297851562
532,532.0,318.0,0.4811320754716981,64.49224853515625
890,890.0,2558.0,0.4812353401094605,65.23237609863281
144,144.0,139.0,0.48201438848920863,62.99366760253906
156,156.0,591.0,0.48392554991539766,65.05451965332031
224,224.0,574.0,0.4843205574912892,65.26931762695312
289,289.0,2137.0,0.4843238184370613,65.1719970703125
681,681.0,623.0,0.48475120385232745,64.85687255859375
649,649.0,136.0,0.4852941176470588,65.17610168457031
852,852.0,2324.0,0.4853700516351119,65.24797058105469
935,935.0,1718.0,0.4860302677532014,65.04550170898438
74,74.0,833.0,0.48619447779111646,65.20722961425781
916,916.0,1489.0,0.48690396239086636,64.77079772949219
638,638.0,2677.0,0.4874859917818454,65.37826538085938
850,850.0,2520.0,0.4876984126984127,65.20636749267578
198,198.0,326.0,0.48773006134969327,65.4024887084961
512,512.0,82.0,0.4878048780487805,65.27645874023438
794,794.0,2545.0,0.48801571709233793,65.4248046875
861,861.0,86.0,0.4883720930232558,65.307861328125
28,28.0,90.0,0.4888888888888889,65.41655731201172
675,675.0,2577.0,0.4889406286379511,65.39180755615234
233,233.0,2606.0,0.49002302379125096,65.27603149414062
937,937.0,106.0,0.49056603773584906,65.03207397460938
34,34.0,2332.0,0.49099485420240135,65.00724792480469
776,776.0,1615.0,0.491640866873065,65.61042022705078
417,417.0,2545.0,0.4919449901768173,65.37474060058594
187,187.0,2184.0,0.49221611721611724,65.24100494384766
220,220.0,136.0,0.49264705882352944,65.024169921875
151,151.0,487.0,0.4928131416837782,65.44815063476562
880,880.0,1496.0,0.49331550802139035,65.16195678710938
658,658.0,2477.0,0.4937424303593056,65.39030456542969
453,453.0,2531.0,0.4938759383642829,65.23532104492188
398,398.0,1012.0,0.4950592885375494,65.39106750488281
288,288.0,838.0,0.49522673031026254,65.02010345458984
934,934.0,2449.0,0.495304205798285,63.48356246948242
808,808.0,2562.0,0.4953161592505855,62.39916229248047
433,433.0,2495.0,0.49579158316633265,65.48616790771484
38,38.0,2482.0,0.4959709911361805,62.485015869140625
359,359.0,1178.0,0.49745331069609505,64.99591064453125
754,754.0,2653.0,0.49905767056162836,65.44863891601562
597,597.0,10.0,0.5,65.34208679199219
499,499.0,4.0,0.5,65.53070831298828
15,15.0,4.0,0.5,65.09156799316406
299,299.0,10.0,0.5,65.3899154663086
606,606.0,4.0,0.5,65.16435241699219
765,765.0,84.0,0.5,65.1186752319336
294,294.0,4.0,0.5,65.13908386230469
810,810.0,4.0,0.5,65.27764892578125
345,345.0,4.0,0.5,65.04100799560547
722,722.0,6.0,0.5,65.18502044677734
477,477.0,6.0,0.5,65.08988952636719
832,832.0,4.0,0.5,65.18177795410156
770,770.0,1726.0,0.5017381228273464,65.1632080078125
736,736.0,2876.0,0.5034770514603616,65.047607421875
76,76.0,2322.0,0.5038759689922481,65.20018768310547
463,463.0,2698.0,0.5040770941438102,65.31389617919922
300,300.0,2289.0,0.5041502839667977,65.19953918457031
81,81.0,115.0,0.5043478260869565,65.05824279785156
705,705.0,860.0,0.5046511627906977,63.17133331298828
840,840.0,1730.0,0.5057803468208093,65.20013427734375
590,590.0,85.0,0.5058823529411764,65.50099182128906
557,557.0,73.0,0.5068493150684932,65.16514587402344
30,30.0,2813.0,0.507643085673658,65.52273559570312
277,277.0,1700.0,0.5088235294117647,63.658870697021484
232,232.0,593.0,0.5092748735244519,65.52239990234375
311,311.0,2652.0,0.5098039215686274,65.01077270507812
92,92.0,2322.0,0.5099052540913006,64.5404052734375
171,171.0,2116.0,0.5099243856332704,64.95079040527344
516,516.0,192.0,0.5104166666666666,65.01231384277344
386,386.0,856.0,0.5105140186915887,65.11361694335938
859,859.0,2513.0,0.5109430959013131,65.52093505859375
549,549.0,655.0,0.5114503816793893,63.53135681152344
737,737.0,1317.0,0.5117691723614275,65.61610412597656
795,795.0,2202.0,0.5118074477747502,65.22725677490234
318,318.0,78.0,0.5128205128205128,65.76255798339844
525,525.0,2649.0,0.5130237825594564,65.02003479003906
830,830.0,2399.0,0.5131304710295956,63.27065658569336
877,877.0,1581.0,0.5142314990512334,65.12847137451172
740,740.0,2469.0,0.5147833130822195,65.13591003417969
502,502.0,2881.0,0.5150989239847276,65.20439910888672
319,319.0,2849.0,0.5156195156195156,65.43494415283203
836,836.0,2933.0,0.515854074326628,65.12551879882812
35,35.0,186.0,0.5161290322580645,65.0730209350586
56,56.0,2614.0,0.5164498852333589,65.22881317138672
816,816.0,2294.0,0.516564952048823,65.5726318359375
773,773.0,89.0,0.5168539325842697,65.16773986816406
642,642.0,2861.0,0.5169521146452289,65.05327606201172
412,412.0,1675.0,0.5170149253731343,65.1435775756836
547,547.0,2924.0,0.5170998632010944,65.28946685791016
767,767.0,2367.0,0.5171102661596958,65.30735778808594
66,66.0,1709.0,0.5178466939730837,65.59498596191406
118,118.0,2488.0,0.5184887459807074,62.26082229614258
513,513.0,2222.0,0.5198019801980198,65.27007293701172
692,692.0,73.0,0.5205479452054794,65.03091430664062
540,540.0,1280.0,0.521875,64.79258728027344
475,475.0,2340.0,0.5222222222222223,65.303955078125
88,88.0,2286.0,0.5244969378827646,65.24092102050781
864,864.0,181.0,0.5248618784530387,65.06685638427734
69,69.0,2627.0,0.525314046440807,65.02399444580078
812,812.0,78.0,0.5256410256410257,65.024169921875
898,898.0,2162.0,0.5263644773358002,62.18476867675781
563,563.0,1724.0,0.5266821345707656,65.4106674194336
449,449.0,2818.0,0.5273243435060326,65.36026000976562
940,940.0,72.0,0.5277777777777778,65.06184387207031
447,447.0,89.0,0.5280898876404494,65.07948303222656
750,750.0,1689.0,0.5281231497927767,64.30845642089844
26,26.0,1505.0,0.5282392026578073,65.19874572753906
6,6.0,1718.0,0.5285215366705471,65.3019027709961
763,763.0,104.0,0.5288461538461539,65.03744506835938
51,51.0,1737.0,0.5290731145653426,65.14392852783203
819,819.0,2627.0,0.5295013323182337,65.28199768066406
626,626.0,2552.0,0.5297805642633229,65.53156280517578
544,544.0,117.0,0.5299145299145299,65.35087585449219
576,576.0,900.0,0.53,65.24635314941406
298,298.0,2201.0,0.530213539300318,65.30897521972656
909,909.0,81.0,0.5308641975308642,63.43029022216797
716,716.0,1488.0,0.5309139784946236,65.17160034179688
796,796.0,143.0,0.5314685314685315,65.10151672363281
255,255.0,2867.0,0.5315660969654691,65.19973754882812
340,340.0,79.0,0.5316455696202531,65.02655029296875
116,116.0,2122.0,0.532516493873704,65.21958923339844
83,83.0,2905.0,0.5342512908777969,65.50507354736328
333,333.0,2584.0,0.5344427244582043,65.68296813964844
72,72.0,2113.0,0.5347846663511595,64.97885131835938
712,712.0,1243.0,0.5349959774738536,65.47642517089844
696,696.0,2557.0,0.5350019554165037,65.24573516845703
521,521.0,114.0,0.5350877192982456,65.12972259521484
377,377.0,319.0,0.5360501567398119,65.1368408203125
885,885.0,2577.0,0.5366705471478463,62.19093704223633
393,393.0,13.0,0.5384615384615384,65.12358093261719
844,844.0,2815.0,0.5385435168738899,64.2657699584961
193,193.0,2315.0,0.5395248380129589,65.5105972290039
389,389.0,2504.0,0.5411341853035144,62.18199920654297
278,278.0,2658.0,0.5413844996237773,65.41612243652344
650,650.0,2630.0,0.5422053231939163,65.05902862548828
510,510.0,848.0,0.5424528301886793,63.92544174194336
392,392.0,2217.0,0.5430762291384754,62.35498809814453
665,665.0,230.0,0.5434782608695652,65.07284545898438
106,106.0,2112.0,0.5435606060606061,65.46211242675781
207,207.0,2155.0,0.5443155452436195,65.15625
435,435.0,2263.0,0.5444100751215201,65.79063415527344
125,125.0,1274.0,0.5447409733124019,64.88969421386719
715,715.0,11.0,0.5454545454545454,65.08842468261719
331,331.0,879.0,0.5460750853242321,64.77985382080078
790,790.0,2436.0,0.5463875205254516,63.32966995239258
686,686.0,2146.0,0.5465983224603914,65.13512420654297
247,247.0,945.0,0.5470899470899471,65.31543731689453
520,520.0,2897.0,0.5488436313427684,65.1715087890625
596,596.0,2633.0,0.5499430307633878,64.62630462646484
817,817.0,69.0,0.5507246376811594,62.80470275878906
221,221.0,617.0,0.5510534846029174,65.16938781738281
744,744.0,2170.0,0.552073732718894,65.39776611328125
373,373.0,2249.0,0.5522454424188529,65.30750274658203
514,514.0,1689.0,0.5523978685612788,64.88459777832031
370,370.0,2831.0,0.5524549629106322,65.11387634277344
444,444.0,94.0,0.5531914893617021,65.0146484375
375,375.0,876.0,0.5536529680365296,64.80631256103516
283,283.0,2650.0,0.5539622641509434,65.4656982421875
346,346.0,2188.0,0.5548446069469836,65.12557983398438
105,105.0,1703.0,0.5554903112155021,65.12922668457031
239,239.0,9.0,0.5555555555555556,65.06388854980469
706,706.0,1490.0,0.5590604026845638,64.74238586425781
165,165.0,2294.0,0.5597210113339146,65.36721801757812
621,621.0,75.0,0.56,64.59276580810547
238,238.0,2595.0,0.5610789980732177,65.48490905761719
871,871.0,1156.0,0.5614186851211073,65.88805389404297
304,304.0,2297.0,0.5616020896821942,65.33782196044922
150,150.0,2465.0,0.563894523326572,65.10126495361328
666,666.0,78.0,0.5641025641025641,65.04652404785156
264,264.0,1730.0,0.5641618497109827,65.0772933959961
293,293.0,2634.0,0.5660592255125285,65.02348327636719
292,292.0,2377.0,0.5662599915860328,65.2778549194336
943,943.0,2653.0,0.5665284583490389,65.01510620117188
409,409.0,2863.0,0.5665385958784491,65.09788513183594
196,196.0,1509.0,0.5672630881378397,65.13524627685547
872,872.0,1032.0,0.5687984496124031,65.32022094726562
571,571.0,1648.0,0.5703883495145631,65.12388610839844
901,901.0,317.0,0.5709779179810726,65.12813568115234
357,357.0,7.0,0.5714285714285714,65.1273193359375
1,1.0,14.0,0.5714285714285714,65.09358215332031
427,427.0,7.0,0.5714285714285714,65.35067749023438
368,368.0,2299.0,0.5715528490648107,65.50595092773438
695,695.0,1649.0,0.5718617343844754,65.08384704589844
584,584.0,1254.0,0.5733652312599681,65.38921356201172
522,522.0,2337.0,0.5733846812152332,65.27587127685547
236,236.0,2706.0,0.5739098300073909,65.15152740478516
593,593.0,80.0,0.575,65.0280532836914
735,735.0,2290.0,0.5751091703056769,65.38655090332031
805,805.0,2177.0,0.5755627009646302,65.3341064453125
274,274.0,2639.0,0.5763546798029556,65.48574829101562
676,676.0,2878.0,0.5771369006254343,65.04096984863281
728,728.0,97.0,0.5773195876288659,64.9954605102539
704,704.0,1723.0,0.5774811375507836,63.57958221435547
90,90.0,2477.0,0.5777149777957207,65.13624572753906
578,578.0,90.0,0.5777777777777777,65.08485412597656
176,176.0,1199.0,0.5779816513761468,65.80899047851562
103,103.0,2389.0,0.5780661364587694,65.01177978515625
497,497.0,2108.0,0.5792220113851992,65.10679626464844
530,530.0,1702.0,0.5793184488836662,65.22653198242188
509,509.0,2263.0,0.5797613787008395,65.5226058959961
615,615.0,2291.0,0.5809690091663029,65.39195251464844
328,328.0,2272.0,0.5809859154929577,65.1083755493164
216,216.0,2217.0,0.5814163283716735,65.16400146484375
591,591.0,1204.0,0.5822259136212624,65.68126678466797
551,551.0,2839.0,0.5822472701655512,65.10482788085938
249,249.0,2500.0,0.5824,65.09873962402344
97,97.0,1271.0,0.5830055074744296,65.11393737792969
717,717.0,1723.0,0.583284968078932,65.05571746826172
330,330.0,665.0,0.5834586466165413,64.30722045898438
16,16.0,2300.0,0.5834782608695652,65.12840270996094
655,655.0,2375.0,0.5835789473684211,65.41365051269531
651,651.0,82.0,0.5853658536585366,62.47480773925781
607,607.0,181.0,0.585635359116022,65.41433715820312
259,259.0,1731.0,0.58578856152513,65.39019012451172
574,574.0,2172.0,0.5870165745856354,65.36189270019531
411,411.0,625.0,0.5872,65.19334411621094
592,592.0,2642.0,0.5874337623012869,65.41454315185547
884,884.0,626.0,0.5878594249201278,63.50053024291992
505,505.0,2321.0,0.5881085738905644,65.14518737792969
367,367.0,2292.0,0.5881326352530541,65.39201354980469
930,930.0,17.0,0.5882352941176471,65.15567016601562
73,73.0,170.0,0.5882352941176471,65.03741455078125
50,50.0,2907.0,0.5885792913656691,65.41731262207031
687,687.0,1716.0,0.5891608391608392,65.42073059082031
738,738.0,2634.0,0.5892179195140471,65.06792449951172
582,582.0,892.0,0.5908071748878924,65.18904113769531
465,465.0,2155.0,0.5911832946635731,62.2657585144043
75,75.0,2616.0,0.5913608562691132,65.18376922607422
492,492.0,2176.0,0.5914522058823529,65.17306518554688
747,747.0,226.0,0.5929203539823009,65.1552505493164
317,317.0,1485.0,0.593939393939394,65.40669250488281
781,781.0,2597.0,0.5941470927993839,62.18321228027344
147,147.0,2255.0,0.5942350332594235,65.30264282226562
47,47.0,2884.0,0.59500693481276,65.0502700805664
782,782.0,1263.0,0.5969912905779889,64.84258270263672
920,920.0,2141.0,0.5973843998131714,65.43108367919922
506,506.0,2372.0,0.5973861720067454,65.46754455566406
213,213.0,2361.0,0.5997458703939009,65.19609832763672
570,570.0,1496.0,0.6002673796791443,64.74974060058594
910,910.0,588.0,0.6003401360544217,65.19392395019531
853,853.0,854.0,0.6007025761124122,65.81446075439453
478,478.0,193.0,0.6010362694300518,63.44050598144531
222,222.0,1520.0,0.6013157894736842,65.82190704345703
635,635.0,2705.0,0.6022181146025878,65.49568176269531
697,697.0,571.0,0.6024518388791593,65.18370819091797
374,374.0,78.0,0.6025641025641025,65.0770034790039
360,360.0,2590.0,0.6027027027027027,65.02288818359375
685,685.0,1536.0,0.6028645833333334,65.1261215209961
768,768.0,2636.0,0.6031866464339909,65.2206039428711
160,160.0,2237.0,0.6034868126955745,62.20178985595703
332,332.0,2910.0,0.6037800687285223,65.0599365234375
714,714.0,2318.0,0.6044003451251079,65.37498474121094
721,721.0,1679.0,0.604526503871352,65.57694244384766
689,689.0,324.0,0.6049382716049383,65.22607421875
37,37.0,2274.0,0.6055408970976254,65.61661529541016
756,756.0,657.0,0.6057838660578386,63.13328170776367
707,707.0,2270.0,0.6066079295154185,65.18882751464844
625,625.0,2918.0,0.6069225496915696,65.13895416259766
926,926.0,2592.0,0.6076388888888888,65.47979736328125
939,939.0,2657.0,0.6082047421904403,65.48116302490234
564,564.0,1280.0,0.60859375,65.14124298095703
401,401.0,115.0,0.6086956521739131,65.04484558105469
927,927.0,1704.0,0.6097417840375586,65.12319946289062
787,787.0,2313.0,0.6100302637267618,65.10641479492188
912,912.0,2674.0,0.6103216155572176,65.50863647460938
348,348.0,1255.0,0.6111553784860557,63.642372131347656
337,337.0,2652.0,0.6134992458521871,65.02241516113281
639,639.0,2879.0,0.6137547759638764,65.00692749023438
29,29.0,1730.0,0.6161849710982659,65.01801300048828
947,947.0,619.0,0.617124394184168,65.29002380371094
372,372.0,2646.0,0.6175359032501889,65.04784393310547
254,254.0,136.0,0.6176470588235294,65.08018493652344
309,309.0,136.0,0.6176470588235294,65.0758056640625
22,22.0,2797.0,0.618519842688595,65.5406265258789
184,184.0,2472.0,0.6193365695792881,65.13453674316406
24,24.0,2391.0,0.6194061062317022,65.14041900634766
519,519.0,2368.0,0.6203547297297297,65.57550048828125
369,369.0,2257.0,0.6207354895879486,65.43949127197266
829,829.0,1802.0,0.6215316315205327,65.14572143554688
610,610.0,2572.0,0.6216951788491446,65.12443542480469
517,517.0,2286.0,0.6224846894138233,65.01914978027344
837,837.0,1935.0,0.6248062015503876,65.51469421386719
137,137.0,1288.0,0.625,64.97077941894531
546,546.0,1492.0,0.6280160857908847,65.0262451171875
82,82.0,2471.0,0.6288951841359773,65.10240936279297
466,466.0,601.0,0.6306156405990017,65.15972900390625
170,170.0,1541.0,0.6307592472420506,64.90764617919922
614,614.0,2615.0,0.6309751434034416,65.2770004272461
653,653.0,2164.0,0.6312384473197782,65.36915588378906
723,723.0,627.0,0.631578947368421,64.81265258789062
921,921.0,2834.0,0.6319689484827099,65.06153869628906
739,739.0,174.0,0.632183908045977,65.169921875
585,585.0,2546.0,0.6323644933228594,65.09751892089844
482,482.0,321.0,0.632398753894081,65.12850952148438
866,866.0,583.0,0.6329331046312179,65.22813415527344
438,438.0,2659.0,0.6336968785257616,65.41738891601562
20,20.0,1707.0,0.6338605741066198,62.4647216796875
644,644.0,2385.0,0.6348008385744235,64.6256103515625
19,19.0,2692.0,0.6355869242199108,64.99191284179688
343,343.0,2157.0,0.6360686138154845,65.08308410644531
758,758.0,2807.0,0.6369789811186319,65.34274291992188
594,594.0,1493.0,0.6383121232417951,65.1872329711914
848,848.0,866.0,0.6385681293302541,64.95146942138672
432,432.0,837.0,0.6391875746714456,64.41294860839844
561,561.0,615.0,0.6422764227642277,65.19927978515625
200,200.0,1245.0,0.6433734939759036,64.51896667480469
779,779.0,337.0,0.6439169139465876,65.04415893554688
134,134.0,2670.0,0.6441947565543071,65.00701904296875
823,823.0,1718.0,0.6443538998835856,63.499000549316406
889,889.0,2365.0,0.6443974630021142,65.28926849365234
507,507.0,2198.0,0.6451319381255687,65.12933349609375
622,622.0,1914.0,0.6452455590386625,65.50180053710938
601,601.0,2400.0,0.64625,65.2113037109375
284,284.0,2578.0,0.6466252909231963,65.19998168945312
413,413.0,2140.0,0.6467289719626168,65.195068359375
469,469.0,2299.0,0.647672901261418,65.53514099121094
190,190.0,2582.0,0.6479473276529821,65.14891052246094
314,314.0,2625.0,0.6506666666666666,65.07923889160156
285,285.0,2361.0,0.6514188903007201,65.20125579833984
764,764.0,2941.0,0.6521591295477729,65.35081481933594
403,403.0,2203.0,0.6522923286427599,65.12638092041016
290,290.0,2686.0,0.6530156366344005,65.00285339355469
243,243.0,1730.0,0.6543352601156069,65.02606201171875
831,831.0,2624.0,0.6547256097560976,65.550537109375
122,122.0,2146.0,0.6556383970177073,65.1334228515625
691,691.0,2184.0,0.6556776556776557,65.29705047607422
659,659.0,2422.0,0.6589595375722543,65.22119140625
133,133.0,2296.0,0.6589721254355401,65.07746887207031
923,923.0,2451.0,0.6593227254181967,65.13139343261719
914,914.0,2602.0,0.6610299769408148,65.10923767089844
941,941.0,2736.0,0.6611842105263158,65.1082763671875
682,682.0,1737.0,0.6620610247553252,62.48246765136719
788,788.0,2594.0,0.6622976098689283,65.0185546875
376,376.0,2334.0,0.6658097686375322,65.32998657226562
657,657.0,1705.0,0.6662756598240469,65.15962219238281
344,344.0,2787.0,0.6666666666666666,65.04232788085938
287,287.0,6.0,0.6666666666666666,65.48588562011719
760,760.0,6.0,0.6666666666666666,65.18232727050781
100,100.0,99.0,0.6666666666666666,65.15725708007812
350,350.0,1255.0,0.6669322709163347,63.63884353637695
778,778.0,861.0,0.667828106852497,63.16977310180664
14,14.0,1697.0,0.6682380671773719,65.30030822753906
256,256.0,1480.0,0.6682432432432432,65.38715362548828
646,646.0,2616.0,0.6685779816513762,65.10147094726562
645,645.0,2313.0,0.6688283614353653,65.11100769042969
911,911.0,2955.0,0.6693739424703892,65.10816192626953
31,31.0,2256.0,0.6719858156028369,65.01566314697266
381,381.0,174.0,0.6724137931034483,64.476806640625
713,713.0,458.0,0.6724890829694323,63.146034240722656
185,185.0,2715.0,0.6725598526703499,65.14657592773438
227,227.0,1704.0,0.6731220657276995,63.644630432128906
656,656.0,1744.0,0.6754587155963303,65.02205657958984
306,306.0,1205.0,0.6755186721991702,65.71304321289062
78,78.0,1704.0,0.6784037558685446,65.70392608642578
485,485.0,2248.0,0.6788256227758007,65.51561737060547
347,347.0,78.0,0.6794871794871795,64.59832763671875
323,323.0,1720.0,0.6796511627906977,65.16841888427734
908,908.0,2258.0,0.6798051372896369,65.16566467285156
431,431.0,1253.0,0.6799680766161214,65.1029281616211
111,111.0,2610.0,0.6800766283524904,65.11199951171875
637,637.0,2650.0,0.680377358490566,65.0392074584961
260,260.0,2293.0,0.6807675534234627,65.04295349121094
654,654.0,320.0,0.68125,64.11003112792969
814,814.0,1443.0,0.6826056826056826,65.16827392578125
461,461.0,2638.0,0.6830932524639879,65.19832611083984
643,643.0,865.0,0.6832369942196532,64.89436340332031
460,460.0,2894.0,0.6834830684174154,64.99565124511719
458,458.0,194.0,0.6855670103092784,64.9991226196289
845,845.0,1181.0,0.6858594411515665,65.806884765625
281,281.0,2385.0,0.6872117400419288,65.01984405517578
804,804.0,2403.0,0.6874739908447773,65.32174682617188
211,211.0,2259.0,0.6892430278884463,65.04670715332031
896,896.0,2319.0,0.6895213454075032,65.34741973876953
490,490.0,1215.0,0.6897119341563785,65.72064971923828
408,408.0,120.0,0.6916666666666667,65.12553405761719
798,798.0,1516.0,0.6926121372031663,65.4350814819336
577,577.0,1682.0,0.692627824019025,65.12330627441406
503,503.0,2172.0,0.6942909760589319,65.09172058105469
252,252.0,2928.0,0.694672131147541,65.61125183105469
616,616.0,2830.0,0.6946996466431096,65.04734802246094
835,835.0,1309.0,0.6959511077158136,64.91163635253906
13,13.0,1259.0,0.6965845909451946,65.09928131103516
157,157.0,1734.0,0.6983852364475202,65.35650634765625
579,579.0,2264.0,0.6987632508833922,62.18718719482422
168,168.0,206.0,0.6990291262135923,65.15440368652344
803,803.0,2330.0,0.6991416309012876,65.02882385253906
250,250.0,2355.0,0.6997876857749469,65.01160430908203
786,786.0,2685.0,0.7001862197392924,65.0630111694336
533,533.0,2890.0,0.7024221453287197,65.10420227050781
80,80.0,2638.0,0.703942380591357,65.21617126464844
89,89.0,2948.0,0.7048846675712347,65.12208557128906
922,922.0,2918.0,0.7052775873886223,65.05387878417969
459,459.0,1931.0,0.7068876229932677,65.34310913085938
652,652.0,603.0,0.7081260364842454,65.08240509033203
568,568.0,141.0,0.7092198581560284,63.46890640258789
138,138.0,2497.0,0.7092511013215859,65.06046295166016
938,938.0,2667.0,0.709411323584552,65.06900024414062
900,900.0,317.0,0.7097791798107256,65.32029724121094
741,741.0,637.0,0.7111459968602826,65.37606048583984
143,143.0,2882.0,0.7113115891741846,65.01924133300781
363,363.0,2673.0,0.7119341563786008,65.2374038696289
164,164.0,115.0,0.7130434782608696,65.39370727539062
813,813.0,2689.0,0.7136481963555225,65.05133056640625
630,630.0,7.0,0.7142857142857143,65.04745483398438
527,527.0,2663.0,0.7146075854299662,65.07445526123047
209,209.0,2723.0,0.7150201983106867,65.34490966796875
452,452.0,1752.0,0.7151826484018264,65.17677307128906
753,753.0,2281.0,0.718544498027181,65.41108703613281
668,668.0,2934.0,0.7201772324471711,65.54625701904297
811,811.0,1777.0,0.7225661226786719,65.09869384765625
899,899.0,83.0,0.7228915662650602,63.03880310058594
468,468.0,1929.0,0.7242094349403836,65.31987762451172
751,751.0,2380.0,0.7243697478991596,65.16304779052734
529,529.0,2887.0,0.7273986837547627,65.06859588623047
683,683.0,2107.0,0.7275747508305648,65.00650024414062
612,612.0,1711.0,0.72822910578609,64.80830383300781
436,436.0,2224.0,0.7302158273381295,65.01251983642578
441,441.0,1265.0,0.7328063241106719,64.34593200683594
472,472.0,2370.0,0.7329113924050633,65.02980041503906
457,457.0,2552.0,0.7355015673981191,65.00480651855469
231,231.0,2173.0,0.7367694431661298,65.22985076904297
272,272.0,322.0,0.7391304347826086,63.63903045654297
710,710.0,2171.0,0.7392906494702902,64.96670532226562
772,772.0,2204.0,0.7404718693284936,65.17278289794922
894,894.0,861.0,0.7421602787456446,64.15245056152344
933,933.0,1437.0,0.7425191370911621,65.35948181152344
349,349.0,2627.0,0.7426722497145032,64.92835235595703
553,553.0,1499.0,0.7438292194796531,64.71797943115234
248,248.0,2355.0,0.7447983014861995,65.16410827636719
320,320.0,319.0,0.7460815047021944,65.14441680908203
636,636.0,1713.0,0.7472270869819031,65.13595581054688
421,421.0,2820.0,0.7485815602836879,65.131591796875
480,480.0,2351.0,0.7486176095278605,65.3218765258789
195,195.0,2554.0,0.7486296006264683,65.00515747070312
43,43.0,232.0,0.75,65.47428131103516
807,807.0,144.0,0.75,65.15728759765625
730,730.0,4.0,0.75,65.18455505371094
608,608.0,4.0,0.75,65.08457946777344
153,153.0,4.0,0.75,65.09668731689453
688,688.0,1727.0,0.7515923566878981,65.29003143310547
321,321.0,590.0,0.752542372881356,65.05120086669922
462,462.0,2914.0,0.7549759780370625,65.23970031738281
163,163.0,630.0,0.7555555555555555,65.0985336303711
727,727.0,2911.0,0.7557540364136036,65.17318725585938
86,86.0,2185.0,0.7569794050343249,65.28803253173828
257,257.0,322.0,0.7577639751552795,65.16670989990234
700,700.0,1689.0,0.7590290112492599,64.28126525878906
855,855.0,2945.0,0.7592529711375212,65.15447998046875
420,420.0,2220.0,0.7599099099099099,65.53590393066406
731,731.0,1688.0,0.7648104265402843,65.04116821289062
64,64.0,2195.0,0.7690205011389522,65.12198638916016
429,429.0,13.0,0.7692307692307693,65.36034393310547
508,508.0,1686.0,0.769276393831554,63.39495849609375
581,581.0,1503.0,0.7717897538256819,65.09899139404297
366,366.0,136.0,0.7720588235294118,65.1493148803711
815,815.0,2924.0,0.774281805745554,65.32113647460938
867,867.0,2890.0,0.7747404844290657,65.06777954101562
199,199.0,2966.0,0.7754551584625758,64.4752426147461
673,673.0,2348.0,0.7759795570698467,65.13883209228516
394,394.0,2601.0,0.7770088427527874,65.01966094970703
202,202.0,2231.0,0.7776781712236666,64.74317932128906
315,315.0,9.0,0.7777777777777778,65.09980773925781
629,629.0,2342.0,0.7801024765157984,65.54646301269531
451,451.0,2325.0,0.7810752688172043,65.09934997558594
802,802.0,2896.0,0.7828038674033149,65.08195495605469
305,305.0,876.0,0.7831050228310502,64.76604461669922
406,406.0,2131.0,0.7836696386672923,65.00053405761719
488,488.0,1646.0,0.784325637910085,65.1645278930664
154,154.0,2311.0,0.7866724361748161,65.28843688964844
567,567.0,2195.0,0.7867881548974943,65.2309341430664
501,501.0,2132.0,0.7908067542213884,64.93228149414062
295,295.0,2622.0,0.7929061784897025,65.00115966796875
405,405.0,2930.0,0.7959044368600683,65.13909149169922
742,742.0,2562.0,0.7966432474629196,65.12242126464844
464,464.0,2395.0,0.8016701461377871,65.170166015625
690,690.0,1706.0,0.8030480656506448,65.23187255859375
410,410.0,2354.0,0.8033135089209855,65.17974853515625
383,383.0,2352.0,0.8035714285714286,64.99887084960938
473,473.0,2393.0,0.8035938152946093,65.33273315429688
809,809.0,2749.0,0.8079301564205166,64.52457427978516
863,863.0,2227.0,0.8087112707678491,65.0784912109375
3,3.0,2672.0,0.8087574850299402,65.06307983398438
672,672.0,1727.0,0.8094962362478286,65.04246520996094
25,25.0,2410.0,0.8116182572614108,65.66943359375
59,59.0,2555.0,0.8125244618395303,65.13560485839844
396,396.0,1932.0,0.8141821946169773,65.31619262695312
414,414.0,1210.0,0.8214876033057851,65.78620910644531
881,881.0,2686.0,0.8224125093075205,65.09095001220703
511,511.0,346.0,0.8236994219653179,65.08802795410156
440,440.0,1444.0,0.8289473684210527,65.21591186523438
634,634.0,2842.0,0.830752990851513,65.36786651611328
65,65.0,2855.0,0.8311733800350263,65.09939575195312
566,566.0,2145.0,0.8312354312354312,65.08085632324219
928,928.0,6.0,0.8333333333333334,65.22789001464844
539,539.0,2246.0,0.8406055209260909,65.02055358886719
907,907.0,1708.0,0.8442622950819673,63.764774322509766
733,733.0,85.0,0.8470588235294118,65.158203125
791,791.0,2273.0,0.8521777386713595,64.99927520751953
679,679.0,1546.0,0.8576972833117723,65.17672729492188
178,178.0,2903.0,0.8580778504994833,65.05715942382812
312,312.0,2796.0,0.8594420600858369,65.01773834228516
828,828.0,2816.0,0.8739346590909091,64.99943542480469
825,825.0,2419.0,0.8883836295990079,65.03584289550781
422,422.0,144.0,0.8958333333333334,65.0567398071289
924,924.0,2379.0,0.9234972677595629,65.0486068725586
841,841.0,4.0,1.0,65.22645568847656
660,660.0,6.0,1.0,65.31953430175781
847,847.0,4.0,1.0,65.11038208007812
